macro_code;pit_date;pit_index;pit_value;time_series_value
unemployment_rate;1970-12-31;0.0;0.016;0.016
unemployment_rate;1971-12-31;1.0;0.02;0.02
unemployment_rate;1972-12-31;2.0;0.029;0.029
unemployment_rate;1973-12-31;3.0;0.029;0.029
unemployment_rate;1974-12-31;4.0;0.033;0.033
unemployment_rate;1975-12-31;5.0;0.042;0.042
unemployment_rate;1976-12-31;6.0;0.046;0.046
unemployment_rate;1977-12-31;7.0;0.043;0.043
unemployment_rate;1978-12-31;8.0;0.044;0.044
unemployment_rate;1979-12-31;9.0;0.046;0.046
unemployment_rate;1980-12-31;10.0;0.045;0.045
unemployment_rate;1981-12-31;11.0;0.056;0.056
unemployment_rate;1982-12-31;12.0;0.074;0.074
unemployment_rate;1983-12-31;13.0;0.09;0.09
unemployment_rate;1984-12-31;14.0;0.088;0.088
unemployment_rate;1985-12-31;15.0;0.082;0.082
unemployment_rate;1986-12-31;16.0;0.075;0.075
unemployment_rate;1987-12-31;17.0;0.073;0.073
unemployment_rate;1988-12-31;18.0;0.073;0.073
unemployment_rate;1989-12-31;19.0;0.067;0.067
unemployment_rate;1990-12-31;20.0;0.061;0.061
unemployment_rate;1991-12-31;21.0;0.058;0.058
unemployment_rate;1992-12-31;22.0;0.058;0.058
unemployment_rate;1993-12-31;23.0;0.066;0.066
unemployment_rate;1994-12-31;24.0;0.073;0.073
hpi;1995-03-31;0.0;0.414;
hpi;1995-06-30;1.0;0.419;0.01207729468599035
hpi;1995-09-30;2.0;0.431;0.028639618138424847
hpi;1995-12-31;3.0;0.436;0.01160092807424595
unemployment_rate;1995-12-31;25.0;0.07;0.07
hicp;1996-01-31;;67.94;
hicp;1996-02-29;;68.29;0.0051516043567855245
gdp_growth;1996-03-31;0.0;0.024;0.024
hicp;1996-03-31;;69.11;0.01200761458485859
hpi;1996-03-31;4.0;0.448;0.02752293577981654
hicp;1996-04-30;;69.32;0.003038634061640772
hicp;1996-05-31;;69.04;-0.0040392383150604
gdp_growth;1996-06-30;1.0;0.04;0.04
hicp;1996-06-30;;68.7;-0.004924681344148369
hpi;1996-06-30;5.0;0.464;0.03571428571428575
hicp;1996-07-31;;68.49;-0.003056768558952081
hicp;1996-08-31;;68.36;-0.0018980873120162864
gdp_growth;1996-09-30;2.0;0.039;0.039
hicp;1996-09-30;;69.11;0.010971328262141603
hpi;1996-09-30;6.0;0.48;0.034482758620689564
hicp;1996-10-31;;69.32;0.003038634061640772
hicp;1996-11-30;;69.18;-0.0020196191575300977
gdp_growth;1996-12-31;3.0;0.037;0.037
hicp;1996-12-31;;69.11;-0.0010118531367448306
hpi;1996-12-31;7.0;0.49;0.020833333333333353
unemployment_rate;1996-12-31;26.0;0.065;0.065
hicp;1997-01-31;;69.11;0.0
inflation;1997-01-31;0.0;0.017;0.017
hicp;1997-02-28;;69.25;0.0020257560410939165
inflation;1997-02-28;1.0;0.014;0.014
gdp_growth;1997-03-31;4.0;0.038;0.038
hicp;1997-03-31;;69.94;0.009963898916967476
hpi;1997-03-31;8.0;0.506;0.03265306122448983
inflation;1997-03-31;2.0;0.012;0.012
hicp;1997-04-30;;70.01;0.0010008578781814039
inflation;1997-04-30;3.0;0.01;0.01
hicp;1997-05-31;;70.15;0.00199971432652479
inflation;1997-05-31;4.0;0.016;0.016
gdp_growth;1997-06-30;5.0;0.043;0.043
hicp;1997-06-30;;69.73;-0.005987170349251628
hpi;1997-06-30;9.0;0.52;0.027667984189723344
inflation;1997-06-30;5.0;0.015;0.015
hicp;1997-07-31;;69.8;0.0010038720780151035
inflation;1997-07-31;6.0;0.019;0.019
hicp;1997-08-31;;70.08;0.004011461318051592
inflation;1997-08-31;7.0;0.025;0.025
gdp_growth;1997-09-30;6.0;0.043;0.043
hicp;1997-09-30;;70.83;0.010702054794520547
hpi;1997-09-30;10.0;0.535;0.028846153846153872
inflation;1997-09-30;8.0;0.025;0.025
hicp;1997-10-31;;70.9;0.0009882818014966455
inflation;1997-10-31;9.0;0.023;0.023
hicp;1997-11-30;;70.9;0.0
inflation;1997-11-30;10.0;0.025;0.025
gdp_growth;1997-12-31;7.0;0.048;0.048
hicp;1997-12-31;;70.63;-0.0038081805359662935
hpi;1997-12-31;11.0;0.546;0.02056074766355142
inflation;1997-12-31;11.0;0.022;0.022
unemployment_rate;1997-12-31;27.0;0.059;0.059
hicp;1998-01-31;;70.21;-0.00594648166501489
inflation;1998-01-31;12.0;0.016;0.016
hicp;1998-02-28;;70.7;0.006979062811565434
inflation;1998-02-28;13.0;0.021;0.021
gdp_growth;1998-03-31;8.0;0.058;0.058
hicp;1998-03-31;;71.45;0.010608203677510608
hpi;1998-03-31;12.0;0.559;0.02380952380952383
inflation;1998-03-31;14.0;0.022;0.022
hicp;1998-04-30;;71.73;0.003918824352694208
inflation;1998-04-30;15.0;0.025;0.025
hicp;1998-05-31;;71.59;-0.0019517635577861502
inflation;1998-05-31;16.0;0.021;0.021
gdp_growth;1998-06-30;9.0;0.046;0.046
hicp;1998-06-30;;71.25;-0.004749266657354426
hpi;1998-06-30;13.0;0.574;0.026833631484794097
inflation;1998-06-30;17.0;0.022;0.022
hicp;1998-07-31;;71.04;-0.0029473684210525436
inflation;1998-07-31;18.0;0.018;0.018
hicp;1998-08-31;;71.04;0.0
inflation;1998-08-31;19.0;0.014;0.014
gdp_growth;1998-09-30;10.0;0.041;0.041
hicp;1998-09-30;;71.73;0.009712837837837805
hpi;1998-09-30;14.0;0.593;0.03310104529616728
inflation;1998-09-30;20.0;0.013;0.013
hicp;1998-10-31;;71.94;0.0029276453366791264
inflation;1998-10-31;21.0;0.015;0.015
hicp;1998-11-30;;71.94;0.0
inflation;1998-11-30;22.0;0.015;0.015
gdp_growth;1998-12-31;11.0;0.042;0.042
hicp;1998-12-31;;71.66;-0.003892132332499321
hpi;1998-12-31;15.0;0.61;0.028667790893760568
inflation;1998-12-31;23.0;0.015;0.015
unemployment_rate;1998-12-31;28.0;0.047;0.047
hicp;1999-01-31;;71.66;0.0
inflation;1999-01-31;24.0;0.021;0.021
hicp;1999-02-28;;72.14;0.00669829751604806
inflation;1999-02-28;25.0;0.02;0.02
gdp_growth;1999-03-31;12.0;0.044;0.044
hicp;1999-03-31;;72.9;0.010535070695869213
hpi;1999-03-31;16.0;0.634;0.039344262295082005
inflation;1999-03-31;26.0;0.02;0.02
hicp;1999-04-30;;73.11;0.0028806584362139056
inflation;1999-04-30;27.0;0.019;0.019
hicp;1999-05-31;;73.11;0.0
inflation;1999-05-31;28.0;0.021;0.021
gdp_growth;1999-06-30;13.0;0.047;0.047
hicp;1999-06-30;;72.76;-0.004787306797975575
hpi;1999-06-30;17.0;0.661;0.042586750788643574
inflation;1999-06-30;29.0;0.021;0.021
hicp;1999-07-31;;72.35;-0.005634964266080412
inflation;1999-07-31;30.0;0.018;0.018
hicp;1999-08-31;;72.83;0.006634416033172136
inflation;1999-08-31;31.0;0.025;0.025
gdp_growth;1999-09-30;14.0;0.05;0.05
hicp;1999-09-30;;73.17;0.004668405876699209
hpi;1999-09-30;18.0;0.696;0.05295007564296508
inflation;1999-09-30;32.0;0.02;0.02
hicp;1999-10-31;;73.24;0.0009566762334289077
inflation;1999-10-31;33.0;0.018;0.018
hicp;1999-11-30;;73.38;0.0019115237575095655
inflation;1999-11-30;34.0;0.02;0.02
gdp_growth;1999-12-31;15.0;0.061;0.061
hicp;1999-12-31;;73.04;-0.004633415099482001
hpi;1999-12-31;19.0;0.726;0.043103448275862113
inflation;1999-12-31;35.0;0.019;0.019
unemployment_rate;1999-12-31;29.0;0.041;0.041
hicp;2000-01-31;;72.83;-0.0028751369112815983
inflation;2000-01-31;36.0;0.016;0.016
hicp;2000-02-29;;73.24;0.005629548263078355
inflation;2000-02-29;37.0;0.015;0.015
gdp_growth;2000-03-31;16.0;0.053;0.053
hicp;2000-03-31;;74.07;0.01133260513380664
hpi;2000-03-31;20.0;0.759;0.0454545454545455
inflation;2000-03-31;38.0;0.016;0.016
hicp;2000-04-30;;74.34;0.00364520048602687
inflation;2000-04-30;39.0;0.017;0.017
hicp;2000-05-31;;74.55;0.0028248587570620627
inflation;2000-05-31;40.0;0.02;0.02
gdp_growth;2000-06-30;17.0;0.049;0.049
hicp;2000-06-30;;74.55;0.0
hpi;2000-06-30;21.0;0.789;0.03952569169960478
inflation;2000-06-30;41.0;0.025;0.025
hicp;2000-07-31;;74.34;-0.0028169014084506207
inflation;2000-07-31;42.0;0.028;0.028
hicp;2000-08-31;;74.62;0.003766478342749544
inflation;2000-08-31;43.0;0.025;0.025
gdp_growth;2000-09-30;18.0;0.037;0.037
hicp;2000-09-30;;75.31;0.009246850710265313
hpi;2000-09-30;22.0;0.823;0.04309252217997455
inflation;2000-09-30;44.0;0.029;0.029
hicp;2000-10-31;;75.58;0.00358518125082985
inflation;2000-10-31;45.0;0.032;0.032
hicp;2000-11-30;;75.51;-0.0009261709446942734
inflation;2000-11-30;46.0;0.029;0.029
gdp_growth;2000-12-31;19.0;0.03;0.03
hicp;2000-12-31;;75.17;-0.004502714872202402
hpi;2000-12-31;23.0;0.842;0.023086269744835988
inflation;2000-12-31;47.0;0.029;0.029
unemployment_rate;2000-12-31;30.0;0.036;0.036
hicp;2001-01-31;;76.21;0.013835306638286445
inflation;2001-01-31;48.0;0.046;0.046
hicp;2001-02-28;;76.89;0.00892271355465171
inflation;2001-02-28;49.0;0.05;0.05
gdp_growth;2001-03-31;20.0;0.028;0.028
hicp;2001-03-31;;77.77;0.011444921316165892
hpi;2001-03-31;24.0;0.862;0.023752969121140166
inflation;2001-03-31;50.0;0.05;0.05
hicp;2001-04-30;;78.37;0.007715057220007825
inflation;2001-04-30;51.0;0.054;0.054
hicp;2001-05-31;;78.63;0.003317596018884661
inflation;2001-05-31;52.0;0.055;0.055
gdp_growth;2001-06-30;21.0;0.029;0.029
hicp;2001-06-30;;78.34;-0.003688159735469821
hpi;2001-06-30;25.0;0.885;0.026682134570765684
inflation;2001-06-30;53.0;0.051;0.051
hicp;2001-07-31;;78.29;-0.0006382435537400709
inflation;2001-07-31;54.0;0.053;0.053
hicp;2001-08-31;;78.51;0.002810065142419196
inflation;2001-08-31;55.0;0.052;0.052
gdp_growth;2001-09-30;22.0;0.022;0.022
hicp;2001-09-30;;79.33;0.010444529359317197
hpi;2001-09-30;26.0;0.908;0.025988700564971774
inflation;2001-09-30;56.0;0.053;0.053
hicp;2001-10-31;;79.36;0.0003781671498802614
inflation;2001-10-31;57.0;0.05;0.05
hicp;2001-11-30;;79.14;-0.0027721774193548245
inflation;2001-11-30;58.0;0.048;0.048
gdp_growth;2001-12-31;23.0;0.014;0.014
hicp;2001-12-31;;79.04;-0.0012635835228707898
hpi;2001-12-31;27.0;0.916;0.008810572687224677
inflation;2001-12-31;59.0;0.051;0.051
unemployment_rate;2001-12-31;31.0;0.033;0.033
hicp;2002-01-31;;79.91;0.011007085020242792
inflation;2002-01-31;60.0;0.049;0.049
hicp;2002-02-28;;80.32;0.00513077211863342
inflation;2002-02-28;61.0;0.045;0.045
gdp_growth;2002-03-31;24.0;0.001;0.001
hicp;2002-03-31;;81.17;0.01058266932270927
hpi;2002-03-31;28.0;0.932;0.01746724890829696
inflation;2002-03-31;62.0;0.044;0.044
hicp;2002-04-30;;81.68;0.006283109523222929
inflation;2002-04-30;63.0;0.042;0.042
hicp;2002-05-31;;81.6;-0.0009794319294810542
inflation;2002-05-31;64.0;0.038;0.038
gdp_growth;2002-06-30;25.0;0.003;0.003
hicp;2002-06-30;;81.31;-0.003553921568627354
hpi;2002-06-30;29.0;0.945;0.013948497854077146
inflation;2002-06-30;65.0;0.038;0.038
hicp;2002-07-31;;81.22;-0.0011068749231337278
inflation;2002-07-31;66.0;0.037;0.037
hicp;2002-08-31;;81.38;0.0019699581383895172
inflation;2002-08-31;67.0;0.037;0.037
gdp_growth;2002-09-30;26.0;0.006;0.006
hicp;2002-09-30;;82.17;0.009707544851314897
hpi;2002-09-30;30.0;0.961;0.016931216931216946
inflation;2002-09-30;68.0;0.036;0.036
hicp;2002-10-31;;82.09;-0.0009735913350370973
inflation;2002-10-31;69.0;0.034;0.034
hicp;2002-11-30;;81.72;-0.004507248142282916
inflation;2002-11-30;70.0;0.033;0.033
gdp_growth;2002-12-31;27.0;-0.001;-0.001
hicp;2002-12-31;;81.58;-0.0017131669114048037
hpi;2002-12-31;31.0;0.96;-0.001040582726326744
inflation;2002-12-31;71.0;0.032;0.032
unemployment_rate;2002-12-31;32.0;0.039;0.039
hicp;2003-01-31;;82.07;0.0060063741113017275
inflation;2003-01-31;72.0;0.027;0.027
hicp;2003-02-28;;82.65;0.007067137809187432
inflation;2003-02-28;73.0;0.029;0.029
gdp_growth;2003-03-31;28.0;0.007;0.007
hicp;2003-03-31;;83.4;0.009074410163339382
hpi;2003-03-31;32.0;0.969;0.009375000000000008
inflation;2003-03-31;74.0;0.027;0.027
hicp;2003-04-30;;83.48;0.0009592326139088524
inflation;2003-04-30;75.0;0.022;0.022
hicp;2003-05-31;;83.43;-0.0005989458552946473
inflation;2003-05-31;76.0;0.022;0.022
gdp_growth;2003-06-30;29.0;-0.003;-0.003
hicp;2003-06-30;;83.04;-0.0046745774901114775
hpi;2003-06-30;33.0;0.979;0.010319917440660483
inflation;2003-06-30;77.0;0.021;0.021
hicp;2003-07-31;;82.95;-0.0010838150289017752
inflation;2003-07-31;78.0;0.021;0.021
hicp;2003-08-31;;83.16;0.0025316455696201778
inflation;2003-08-31;79.0;0.022;0.022
gdp_growth;2003-09-30;30.0;-0.002;-0.002
hicp;2003-09-30;;83.85;0.00829725829725827
hpi;2003-09-30;34.0;0.988;0.00919305413687437
inflation;2003-09-30;80.0;0.02;0.02
hicp;2003-10-31;;83.67;-0.002146690518783454
inflation;2003-10-31;81.0;0.019;0.019
hicp;2003-11-30;;83.39;-0.003346480219911571
inflation;2003-11-30;82.0;0.02;0.02
gdp_growth;2003-12-31;31.0;0.005;0.005
hicp;2003-12-31;;82.87;-0.00623575968341523
hpi;2003-12-31;35.0;0.999;0.011133603238866406
inflation;2003-12-31;83.0;0.016;0.016
unemployment_rate;2003-12-31;33.0;0.048;0.048
hicp;2004-01-31;;83.29;0.005068179075660694
inflation;2004-01-31;84.0;0.015;0.015
hicp;2004-02-29;;83.77;0.0057629967583142
inflation;2004-02-29;85.0;0.014;0.014
gdp_growth;2004-03-31;32.0;0.013;0.013
hicp;2004-03-31;;84.45;0.008117464486092955
hpi;2004-03-31;36.0;1.01;0.011011011011011021
inflation;2004-03-31;86.0;0.013;0.013
hicp;2004-04-30;;84.74;0.0034339846062758084
inflation;2004-04-30;87.0;0.015;0.015
hicp;2004-05-31;;84.88;0.0016521123436393742
inflation;2004-05-31;88.0;0.017;0.017
gdp_growth;2004-06-30;33.0;0.02;0.02
hicp;2004-06-30;;84.27;-0.007186616399622991
hpi;2004-06-30;37.0;1.021;0.010891089108910791
inflation;2004-06-30;89.0;0.015;0.015
hicp;2004-07-31;;83.97;-0.003559985760056926
inflation;2004-07-31;90.0;0.012;0.012
hicp;2004-08-31;;84.12;0.001786352268667449
inflation;2004-08-31;91.0;0.012;0.012
gdp_growth;2004-09-30;34.0;0.023;0.023
hicp;2004-09-30;;84.83;0.008440323347598594
hpi;2004-09-30;38.0;1.036;0.01469147894221364
inflation;2004-09-30;92.0;0.012;0.012
hicp;2004-10-31;;84.93;0.0011788282447248442
inflation;2004-10-31;93.0;0.015;0.015
hicp;2004-11-30;;84.62;-0.0036500647592134965
inflation;2004-11-30;94.0;0.015;0.015
gdp_growth;2004-12-31;35.0;0.023;0.023
hicp;2004-12-31;;83.92;-0.008272276057669614
hpi;2004-12-31;39.0;1.039;0.002895752895752791
inflation;2004-12-31;95.0;0.013;0.013
unemployment_rate;2004-12-31;34.0;0.057;0.057
hicp;2005-01-31;;84.34;0.005004766444232623
inflation;2005-01-31;96.0;0.013;0.013
hicp;2005-02-28;;84.99;0.00770690064026549
inflation;2005-02-28;97.0;0.015;0.015
gdp_growth;2005-03-31;36.0;0.009;0.009
hicp;2005-03-31;;85.73;0.00870690669490539
hpi;2005-03-31;40.0;1.049;0.009624639076034659
inflation;2005-03-31;98.0;0.015;0.015
hicp;2005-04-30;;85.83;0.0011664528169834866
inflation;2005-04-30;99.0;0.013;0.013
hicp;2005-05-31;;85.76;-0.0008155656530349899
inflation;2005-05-31;100.0;0.01;0.01
gdp_growth;2005-06-30;37.0;0.022;0.022
hicp;2005-06-30;;85.48;-0.0032649253731343413
hpi;2005-06-30;41.0;1.061;0.011439466158245959
inflation;2005-06-30;101.0;0.014;0.014
hicp;2005-07-31;;85.2;-0.003275620028076756
inflation;2005-07-31;102.0;0.015;0.015
hicp;2005-08-31;;85.52;0.0037558685446008586
inflation;2005-08-31;103.0;0.017;0.017
gdp_growth;2005-09-30;38.0;0.026;0.026
hicp;2005-09-30;;86.23;0.00830215154349869
hpi;2005-09-30;42.0;1.074;0.012252591894439325
inflation;2005-09-30;104.0;0.017;0.017
hicp;2005-10-31;;86.22;-0.00011596892032941105
inflation;2005-10-31;105.0;0.015;0.015
hicp;2005-11-30;;85.99;-0.00266759452563215
inflation;2005-11-30;106.0;0.016;0.016
gdp_growth;2005-12-31;39.0;0.024;0.024
hicp;2005-12-31;;85.6;-0.004535411094313299
hpi;2005-12-31;43.0;1.081;0.006517690875232677
inflation;2005-12-31;107.0;0.02;0.02
unemployment_rate;2005-12-31;35.0;0.059;0.059
hicp;2006-01-31;;85.81;0.0024532710280374763
inflation;2006-01-31;108.0;0.017;0.017
hicp;2006-02-28;;86.24;0.005011070970749243
inflation;2006-02-28;109.0;0.015;0.015
gdp_growth;2006-03-31;40.0;0.037;0.037
hicp;2006-03-31;;86.93;0.008000927643784926
hpi;2006-03-31;44.0;1.097;0.014801110083256257
inflation;2006-03-31;110.0;0.014;0.014
hicp;2006-04-30;;87.34;0.004716438513746653
inflation;2006-04-30;111.0;0.018;0.018
hicp;2006-05-31;;87.3;-0.00045798030684687715
inflation;2006-05-31;112.0;0.018;0.018
gdp_growth;2006-06-30;41.0;0.036;0.036
hicp;2006-06-30;;87.01;-0.003321878579610447
hpi;2006-06-30;45.0;1.11;0.011850501367365655
inflation;2006-06-30;113.0;0.018;0.018
hicp;2006-07-31;;86.71;-0.003447879554074375
inflation;2006-07-31;114.0;0.018;0.018
hicp;2006-08-31;;87.12;0.004728405028255228
inflation;2006-08-31;115.0;0.019;0.019
gdp_growth;2006-09-30;42.0;0.033;0.033
hicp;2006-09-30;;87.54;0.0048209366391184765
hpi;2006-09-30;46.0;1.124;0.012612612612612623
inflation;2006-09-30;116.0;0.015;0.015
hicp;2006-10-31;;87.39;-0.0017135023989034233
inflation;2006-10-31;117.0;0.014;0.014
hicp;2006-11-30;;87.37;-0.00022885913720100721
inflation;2006-11-30;118.0;0.016;0.016
gdp_growth;2006-12-31;43.0;0.033;0.033
hicp;2006-12-31;;87.07;-0.0034336728854299113
hpi;2006-12-31;47.0;1.129;0.0044483985765123605
inflation;2006-12-31;119.0;0.017;0.017
unemployment_rate;2006-12-31;36.0;0.05;0.05
hicp;2007-01-31;;86.86;-0.0024118525324450875
inflation;2007-01-31;120.0;0.012;0.012
hicp;2007-02-28;;87.42;0.006447156343541357
inflation;2007-02-28;121.0;0.014;0.014
gdp_growth;2007-03-31;44.0;0.034;0.034
hicp;2007-03-31;;88.55;0.012926103866392077
hpi;2007-03-31;48.0;1.142;0.011514614703277148
inflation;2007-03-31;122.0;0.019;0.019
hicp;2007-04-30;;89.04;0.0055335968379447665
inflation;2007-04-30;123.0;0.019;0.019
hicp;2007-05-31;;89.07;0.0003369272237195297
inflation;2007-05-31;124.0;0.02;0.02
gdp_growth;2007-06-30;45.0;0.032;0.032
hicp;2007-06-30;;88.61;-0.005164477377343593
hpi;2007-06-30;49.0;1.156;0.01225919439579686
inflation;2007-06-30;125.0;0.018;0.018
hicp;2007-07-31;;87.94;-0.007561223338223696
inflation;2007-07-31;126.0;0.014;0.014
hicp;2007-08-31;;88.05;0.001250852854218779
inflation;2007-08-31;127.0;0.011;0.011
gdp_growth;2007-09-30;46.0;0.042;0.042
hicp;2007-09-30;;88.66;0.006927881885292441
hpi;2007-09-30;50.0;1.173;0.014705882352941287
inflation;2007-09-30;128.0;0.013;0.013
hicp;2007-10-31;;88.79;0.001466275659824156
inflation;2007-10-31;129.0;0.016;0.016
hicp;2007-11-30;;88.93;0.001576754138979621
inflation;2007-11-30;130.0;0.018;0.018
gdp_growth;2007-12-31;47.0;0.042;0.042
hicp;2007-12-31;;88.45;-0.0053975036545598105
hpi;2007-12-31;51.0;1.177;0.003410059676044334
inflation;2007-12-31;131.0;0.016;0.016
unemployment_rate;2007-12-31;37.0;0.042;0.042
hicp;2008-01-31;;88.42;-0.00033917467495761603
inflation;2008-01-31;132.0;0.018;0.018
hicp;2008-02-29;;89.17;0.008482243836236145
inflation;2008-02-29;133.0;0.02;0.02
gdp_growth;2008-03-31;48.0;0.034;0.034
hicp;2008-03-31;;90.23;0.011887406078277473
hpi;2008-03-31;52.0;1.192;0.012744265080713595
inflation;2008-03-31;134.0;0.019;0.019
hicp;2008-04-30;;90.55;0.0035464922974619657
inflation;2008-04-30;135.0;0.017;0.017
hicp;2008-05-31;;90.92;0.004086140254003364
inflation;2008-05-31;136.0;0.021;0.021
gdp_growth;2008-06-30;49.0;0.033;0.033
hicp;2008-06-30;;90.66;-0.0028596568411791146
hpi;2008-06-30;53.0;1.193;0.0008389261744967382
inflation;2008-06-30;137.0;0.023;0.023
hicp;2008-07-31;;90.55;-0.0012133245091550788
inflation;2008-07-31;138.0;0.03;0.03
hicp;2008-08-31;;90.67;0.0013252346769740977
inflation;2008-08-31;139.0;0.03;0.03
gdp_growth;2008-09-30;50.0;0.024;0.024
hicp;2008-09-30;;91.13;0.005073342891805379
hpi;2008-09-30;54.0;1.206;0.010896898575020872
inflation;2008-09-30;140.0;0.028;0.028
hicp;2008-10-31;;90.98;-0.0016460002194666026
inflation;2008-10-31;141.0;0.025;0.025
hicp;2008-11-30;;90.61;-0.004066827874258129
inflation;2008-11-30;142.0;0.019;0.019
gdp_growth;2008-12-31;51.0;-0.004;-0.004
hicp;2008-12-31;;89.91;-0.007725416620682076
hpi;2008-12-31;55.0;1.197;-0.007462686567164094
inflation;2008-12-31;143.0;0.017;0.017
unemployment_rate;2008-12-31;38.0;0.037;0.037
hicp;2009-01-31;;89.95;0.00044488933377829224
inflation;2009-01-31;144.0;0.017;0.017
hicp;2009-02-28;;90.83;0.009783212896053313
inflation;2009-02-28;145.0;0.019;0.019
gdp_growth;2009-03-31;52.0;-0.038;-0.038
hicp;2009-03-31;;91.89;0.011670153033138855
hpi;2009-03-31;56.0;1.189;-0.006683375104427742
inflation;2009-03-31;146.0;0.018;0.018
hicp;2009-04-30;;92.21;0.003482424638154241
inflation;2009-04-30;147.0;0.018;0.018
hicp;2009-05-31;;92.31;0.0010844810758053197
inflation;2009-05-31;148.0;0.015;0.015
gdp_growth;2009-06-30;53.0;-0.046;-0.046
hicp;2009-06-30;;91.9;-0.004441555627775935
hpi;2009-06-30;57.0;1.159;-0.025231286795626598
inflation;2009-06-30;149.0;0.014;0.014
hicp;2009-07-31;;90.43;-0.015995647442872674
inflation;2009-07-31;150.0;-0.001;-0.001
hicp;2009-08-31;;90.61;0.001990489881676353
inflation;2009-08-31;151.0;-0.001;-0.001
gdp_growth;2009-09-30;54.0;-0.038;-0.038
hicp;2009-09-30;;91.11;0.0055181547290586025
hpi;2009-09-30;58.0;1.143;-0.01380500431406386
inflation;2009-09-30;152.0;0.0;0.0
hicp;2009-10-31;;91.35;0.0026341784655909877
inflation;2009-10-31;153.0;0.004;0.004
hicp;2009-11-30;;91.21;-0.0015325670498084355
inflation;2009-11-30;154.0;0.007;0.007
gdp_growth;2009-12-31;55.0;-0.024;-0.024
hicp;2009-12-31;;90.56;-0.007126411577677793
hpi;2009-12-31;59.0;1.133;-0.00874890638670167
inflation;2009-12-31;155.0;0.007;0.007
unemployment_rate;2009-12-31;39.0;0.044;0.044
hicp;2010-01-31;;90.3;-0.0028710247349823886
inflation;2010-01-31;156.0;0.004;0.004
hicp;2010-02-28;;91.15;0.00941306755260253
inflation;2010-02-28;157.0;0.004;0.004
gdp_growth;2010-03-31;56.0;-0.001;-0.001
hicp;2010-03-31;;92.49;0.014701042238068998
hpi;2010-03-31;60.0;1.132;-0.0008826125330980688
inflation;2010-03-31;158.0;0.007;0.007
hicp;2010-04-30;;92.81;0.0034598334955131087
inflation;2010-04-30;159.0;0.007;0.007
hicp;2010-05-31;;92.72;-0.0009697230901842841
inflation;2010-05-31;160.0;0.004;0.004
gdp_growth;2010-06-30;57.0;0.019;0.019
hicp;2010-06-30;;92.11;-0.006578947368421046
hpi;2010-06-30;61.0;1.133;0.0008833922261485089
inflation;2010-06-30;161.0;0.002;0.002
hicp;2010-07-31;;91.57;-0.005862555639995725
inflation;2010-07-31;162.0;0.013;0.013
hicp;2010-08-31;;91.7;0.0014196789341488444
inflation;2010-08-31;163.0;0.012;0.012
gdp_growth;2010-09-30;58.0;0.017;0.017
hicp;2010-09-30;;92.39;0.0075245365321700945
hpi;2010-09-30;62.0;1.134;0.0008826125330978728
inflation;2010-09-30;164.0;0.014;0.014
hicp;2010-10-31;;92.61;0.0023812100876718137
inflation;2010-10-31;165.0;0.014;0.014
hicp;2010-11-30;;92.47;-0.0015117157974300893
inflation;2010-11-30;166.0;0.014;0.014
gdp_growth;2010-12-31;59.0;0.019;0.019
hicp;2010-12-31;;92.23;-0.0025954363577375896
hpi;2010-12-31;63.0;1.121;-0.011463844797178043
inflation;2010-12-31;167.0;0.018;0.018
unemployment_rate;2010-12-31;40.0;0.05;0.05
hicp;2011-01-31;;92.01;-0.0023853409953377303
inflation;2011-01-31;168.0;0.019;0.019
hicp;2011-02-28;;92.93;0.009998913161612886
inflation;2011-02-28;169.0;0.02;0.02
gdp_growth;2011-03-31;60.0;0.028;0.028
hicp;2011-03-31;;94.2;0.013666200365866738
hpi;2011-03-31;64.0;1.115;-0.005352363960749336
inflation;2011-03-31;170.0;0.018;0.018
hicp;2011-04-30;;94.77;0.006050955414012666
inflation;2011-04-30;171.0;0.021;0.021
hicp;2011-05-31;;94.84;0.0007386303682600759
inflation;2011-05-31;172.0;0.023;0.023
gdp_growth;2011-06-30;61.0;0.021;0.021
hicp;2011-06-30;;94.23;-0.0064318852804723685
hpi;2011-06-30;65.0;1.11;-0.0044843049327353305
inflation;2011-06-30;173.0;0.023;0.023
hicp;2011-07-31;;94.54;0.0032898227740634856
inflation;2011-07-31;174.0;0.032;0.032
hicp;2011-08-31;;94.65;0.001163528665115289
inflation;2011-08-31;175.0;0.032;0.032
gdp_growth;2011-09-30;62.0;0.014;0.014
hicp;2011-09-30;;95.12;0.004965662968832529
hpi;2011-09-30;66.0;1.102;-0.007207207207207213
inflation;2011-09-30;176.0;0.03;0.03
hicp;2011-10-31;;95.22;0.0010513036164843809
inflation;2011-10-31;177.0;0.028;0.028
hicp;2011-11-30;;94.84;-0.003990758244066325
inflation;2011-11-30;178.0;0.026;0.026
gdp_growth;2011-12-31;63.0;0.0;0.0
hicp;2011-12-31;;94.54;-0.0031632222690847443
hpi;2011-12-31;67.0;1.083;-0.017241379310344942
inflation;2011-12-31;179.0;0.025;0.025
unemployment_rate;2011-12-31;41.0;0.05;0.05
hicp;2012-01-31;;94.66;0.0012693039983074923
inflation;2012-01-31;180.0;0.029;0.029
hicp;2012-02-29;;95.6;0.00993027678005491
inflation;2012-02-29;181.0;0.029;0.029
gdp_growth;2012-03-31;64.0;-0.011;-0.011
hicp;2012-03-31;;96.93;0.013912133891213522
hpi;2012-03-31;68.0;1.069;-0.012927054478301028
inflation;2012-03-31;182.0;0.029;0.029
hicp;2012-04-30;;97.39;0.0047456927679768255
inflation;2012-04-30;183.0;0.028;0.028
hicp;2012-05-31;;97.17;-0.002258958825341399
inflation;2012-05-31;184.0;0.025;0.025
gdp_growth;2012-06-30;65.0;-0.006;-0.006
hicp;2012-06-30;;96.59;-0.00596892044869814
hpi;2012-06-30;69.0;1.049;-0.018709073900841925
inflation;2012-06-30;185.0;0.025;0.025
hicp;2012-07-31;;97.0;0.004244745832901921
inflation;2012-07-31;186.0;0.026;0.026
hicp;2012-08-31;;97.07;0.0007216494845360121
inflation;2012-08-31;187.0;0.026;0.026
gdp_growth;2012-09-30;66.0;-0.012;-0.012
hicp;2012-09-30;;97.54;0.004841866694138386
hpi;2012-09-30;70.0;1.007;-0.04003813155386086
inflation;2012-09-30;188.0;0.025;0.025
hicp;2012-10-31;;98.33;0.008099241336887348
inflation;2012-10-31;189.0;0.033;0.033
hicp;2012-11-30;;97.85;-0.00488152140750538
inflation;2012-11-30;190.0;0.032;0.032
gdp_growth;2012-12-31;67.0;-0.012;-0.012
hicp;2012-12-31;;97.73;-0.0012263668880939228
hpi;2012-12-31;71.0;1.001;-0.0059582919563058645
inflation;2012-12-31;191.0;0.034;0.034
unemployment_rate;2012-12-31;42.0;0.058;0.058
hicp;2013-01-31;;97.7;-0.00030696817763226374
inflation;2013-01-31;192.0;0.032;0.032
hicp;2013-02-28;;98.7;0.010235414534288638
inflation;2013-02-28;193.0;0.032;0.032
gdp_growth;2013-03-31;68.0;-0.017;-0.017
hicp;2013-03-31;;100.02;0.013373860182370752
hpi;2013-03-31;72.0;0.978;-0.02297702297702289
inflation;2013-03-31;194.0;0.032;0.032
hicp;2013-04-30;;100.1;0.0007998400319935842
inflation;2013-04-30;195.0;0.028;0.028
hicp;2013-05-31;;100.14;0.0003996003996004621
inflation;2013-05-31;196.0;0.031;0.031
gdp_growth;2013-06-30;69.0;-0.005;-0.005
hicp;2013-06-30;;99.65;-0.004893149590573146
hpi;2013-06-30;73.0;0.958;-0.020449897750511266
inflation;2013-06-30;197.0;0.032;0.032
hicp;2013-07-31;;100.0;0.0035122930255895063
inflation;2013-07-31;198.0;0.031;0.031
hicp;2013-08-31;;99.78;-0.0021999999999999884
inflation;2013-08-31;199.0;0.028;0.028
gdp_growth;2013-09-30;70.0;0.003;0.003
hicp;2013-09-30;;99.86;0.0008017638805371647
hpi;2013-09-30;74.0;0.961;0.0031315240083507334
inflation;2013-09-30;200.0;0.024;0.024
hicp;2013-10-31;;99.61;-0.0025035049068696173
inflation;2013-10-31;201.0;0.013;0.013
hicp;2013-11-30;;99.02;-0.0059231000903524084
inflation;2013-11-30;202.0;0.012;0.012
gdp_growth;2013-12-31;71.0;0.014;0.014
hicp;2013-12-31;;99.1;0.0008079175924055575
hpi;2013-12-31;75.0;0.958;-0.003121748178980232
inflation;2013-12-31;203.0;0.014;0.014
unemployment_rate;2013-12-31;43.0;0.073;0.073
hicp;2014-01-31;;98.48;-0.006256306760847531
inflation;2014-01-31;204.0;0.008;0.008
hicp;2014-02-28;;99.07;0.00599106417546699
inflation;2014-02-28;205.0;0.004;0.004
gdp_growth;2014-03-31;72.0;0.013;0.013
hicp;2014-03-31;;100.16;0.011002321590794423
hpi;2014-03-31;76.0;0.963;0.005219206680584556
inflation;2014-03-31;206.0;0.001;0.001
hicp;2014-04-30;;100.74;0.0057907348242811334
inflation;2014-04-30;207.0;0.006;0.006
hicp;2014-05-31;;100.28;-0.004566210045662039
inflation;2014-05-31;208.0;0.001;0.001
gdp_growth;2014-06-30;73.0;0.014;0.014
hicp;2014-06-30;;99.92;-0.0035899481451934527
hpi;2014-06-30;77.0;0.969;0.006230529595015582
inflation;2014-06-30;209.0;0.003;0.003
hicp;2014-07-31;;100.26;0.003402722177742228
inflation;2014-07-31;210.0;0.003;0.003
hicp;2014-08-31;;100.14;-0.0011968880909635402
inflation;2014-08-31;211.0;0.004;0.004
gdp_growth;2014-09-30;74.0;0.011;0.011
hicp;2014-09-30;;100.12;-0.0001997203914519275
hpi;2014-09-30;78.0;0.978;0.009287925696594436
inflation;2014-09-30;212.0;0.003;0.003
hicp;2014-10-31;;100.0;-0.0011985617259289308
inflation;2014-10-31;213.0;0.004;0.004
hicp;2014-11-30;;99.27;-0.00730000000000004
inflation;2014-11-30;214.0;0.003;0.003
gdp_growth;2014-12-31;75.0;0.018;0.018
hicp;2014-12-31;;99.04;-0.0023169134683186238
hpi;2014-12-31;79.0;0.979;0.0010224948875255633
inflation;2014-12-31;215.0;-0.001;-0.001
unemployment_rate;2014-12-31;44.0;0.074;0.074
hicp;2015-01-31;;97.82;-0.012318255250404008
inflation;2015-01-31;216.0;-0.007;-0.007
hicp;2015-02-28;;98.62;0.008178286648947162
inflation;2015-02-28;217.0;-0.005;-0.005
gdp_growth;2015-03-31;76.0;0.019;0.019
hicp;2015-03-31;;99.88;0.012776313121070684
hpi;2015-03-31;80.0;0.986;0.007150153217568954
inflation;2015-03-31;218.0;-0.003;-0.003
hicp;2015-04-30;;100.71;0.008309971966359615
inflation;2015-04-30;219.0;0.0;0.0
hicp;2015-05-31;;100.97;0.0025816701419919086
inflation;2015-05-31;220.0;0.007;0.007
gdp_growth;2015-06-30;77.0;0.021;0.021
hicp;2015-06-30;;100.4;-0.005645241160740747
hpi;2015-06-30;81.0;0.994;0.00811359026369169
inflation;2015-06-30;221.0;0.005;0.005
hicp;2015-07-31;;101.07;0.006673306772908241
inflation;2015-07-31;222.0;0.008;0.008
hicp;2015-08-31;;100.58;-0.004848125061838279
inflation;2015-08-31;223.0;0.004;0.004
gdp_growth;2015-09-30;78.0;0.025;0.025
hicp;2015-09-30;;100.4;-0.0017896202028235496
hpi;2015-09-30;82.0;1.007;0.013078470824949598
inflation;2015-09-30;224.0;0.003;0.003
hicp;2015-10-31;;100.4;0.0
inflation;2015-10-31;225.0;0.004;0.004
hicp;2015-11-30;;99.64;-0.007569721115537899
inflation;2015-11-30;226.0;0.004;0.004
gdp_growth;2015-12-31;79.0;0.014;0.014
hicp;2015-12-31;;99.53;-0.0011039743075070196
hpi;2015-12-31;83.0;1.013;0.0059582919563058645
inflation;2015-12-31;227.0;0.005;0.005
unemployment_rate;2015-12-31;45.0;0.069;0.069
hicp;2016-01-31;;98.03;-0.015070832914699085
inflation;2016-01-31;228.0;0.002;0.002
hicp;2016-02-29;;98.94;0.009282872590023427
inflation;2016-02-29;229.0;0.003;0.003
gdp_growth;2016-03-31;80.0;0.021;0.021
hicp;2016-03-31;;100.4;0.014756418031130059
hpi;2016-03-31;84.0;1.026;0.012833168805528256
inflation;2016-03-31;230.0;0.005;0.005
hicp;2016-04-30;;100.51;0.0010956175298804723
inflation;2016-04-30;231.0;-0.002;-0.002
hicp;2016-05-31;;100.75;0.0023878221072529586
inflation;2016-05-31;232.0;-0.002;-0.002
gdp_growth;2016-06-30;81.0;0.023;0.023
hicp;2016-06-30;;100.2;-0.005459057071960269
hpi;2016-06-30;85.0;1.037;0.010721247563352727
inflation;2016-06-30;233.0;-0.002;-0.002
hicp;2016-07-31;;100.5;0.0029940119760478758
inflation;2016-07-31;234.0;-0.006;-0.006
hicp;2016-08-31;;100.67;0.001691542288557231
inflation;2016-08-31;235.0;0.001;0.001
gdp_growth;2016-09-30;82.0;0.021;0.021
hicp;2016-09-30;;100.31;-0.0035760405284593166
hpi;2016-09-30;86.0;1.063;0.025072324011571865
inflation;2016-09-30;236.0;-0.001;-0.001
hicp;2016-10-31;;100.67;0.0035888744890838343
inflation;2016-10-31;237.0;0.003;0.003
hicp;2016-11-30;;100.02;-0.006456739843051611
inflation;2016-11-30;238.0;0.004;0.004
gdp_growth;2016-12-31;83.0;0.022;0.022
hicp;2016-12-31;;100.27;0.0024995000999800043
hpi;2016-12-31;87.0;1.075;0.011288805268109136
inflation;2016-12-31;239.0;0.007;0.007
unemployment_rate;2016-12-31;46.0;0.06;0.06
hicp;2017-01-31;;99.64;-0.006283035803330961
inflation;2017-01-31;240.0;0.016;0.016
hicp;2017-02-28;;100.58;0.00943396226415092
inflation;2017-02-28;241.0;0.017;0.017
gdp_growth;2017-03-31;84.0;0.032;0.032
hicp;2017-03-31;;101.03;0.004474050507059086
hpi;2017-03-31;88.0;1.096;0.019534883720930353
inflation;2017-03-31;242.0;0.006;0.006
hicp;2017-04-30;;101.94;0.009007225576561384
inflation;2017-04-30;243.0;0.014;0.014
hicp;2017-05-31;;101.49;-0.004414361389052412
inflation;2017-05-31;244.0;0.007;0.007
gdp_growth;2017-06-30;85.0;0.03;0.03
hicp;2017-06-30;;101.17;-0.0031530200019705703
hpi;2017-06-30;89.0;1.117;0.019160583941605754
inflation;2017-06-30;245.0;0.01;0.01
hicp;2017-07-31;;102.0;0.008204013047346035
inflation;2017-07-31;246.0;0.015;0.015
hicp;2017-08-31;;102.18;0.001764705882353008
inflation;2017-08-31;247.0;0.015;0.015
gdp_growth;2017-09-30;86.0;0.028;0.028
hicp;2017-09-30;;101.75;-0.00420825993345084
hpi;2017-09-30;90.0;1.144;0.024171888988361607
inflation;2017-09-30;248.0;0.014;0.014
hicp;2017-10-31;;101.97;0.002162162162162151
inflation;2017-10-31;249.0;0.013;0.013
hicp;2017-11-30;;101.57;-0.003922722369324367
inflation;2017-11-30;250.0;0.015;0.015
gdp_growth;2017-12-31;87.0;0.026;0.026
hicp;2017-12-31;;101.49;-0.0007876341439401231
hpi;2017-12-31;91.0;1.163;0.016608391608391723
inflation;2017-12-31;251.0;0.012;0.012
unemployment_rate;2017-12-31;47.0;0.049;0.049
hicp;2018-01-31;;101.12;-0.0036456793772784548
inflation;2018-01-31;252.0;0.015;0.015
hicp;2018-02-28;;101.84;0.0071202531645569505
inflation;2018-02-28;253.0;0.013;0.013
gdp_growth;2018-03-31;88.0;0.026;0.026
hicp;2018-03-31;;102.06;0.0021602513747054092
hpi;2018-03-31;92.0;1.194;0.026655202063628473
inflation;2018-03-31;254.0;0.01;0.01
hicp;2018-04-30;;102.99;0.009112286890064596
inflation;2018-04-30;255.0;0.01;0.01
hicp;2018-05-31;;103.41;0.004078065831634156
inflation;2018-05-31;256.0;0.019;0.019
gdp_growth;2018-06-30;89.0;0.027;0.027
hicp;2018-06-30;;102.85;-0.005415337008026325
hpi;2018-06-30;93.0;1.216;0.01842546063651593
inflation;2018-06-30;257.0;0.017;0.017
hicp;2018-07-31;;103.96;0.010792416140009718
inflation;2018-07-31;258.0;0.019;0.019
hicp;2018-08-31;;104.09;0.001250480954213252
inflation;2018-08-31;259.0;0.019;0.019
gdp_growth;2018-09-30;90.0;0.022;0.022
hicp;2018-09-30;;103.36;-0.007013161687001671
hpi;2018-09-30;94.0;1.249;0.027138157894736958
inflation;2018-09-30;260.0;0.016;0.016
hicp;2018-10-31;;103.89;0.005127708978328184
inflation;2018-10-31;261.0;0.019;0.019
hicp;2018-11-30;;103.37;-0.005005294061026047
inflation;2018-11-30;262.0;0.018;0.018
gdp_growth;2018-12-31;91.0;0.019;0.019
hicp;2018-12-31;;103.35;-0.00019347973299806744
hpi;2018-12-31;95.0;1.267;0.014411529223378537
inflation;2018-12-31;263.0;0.018;0.018
unemployment_rate;2018-12-31;48.0;0.038;0.038
hicp;2019-01-31;;103.13;-0.0021286889211417402
inflation;2019-01-31;264.0;0.02;0.02
hicp;2019-02-28;;104.44;0.012702414428391373
inflation;2019-02-28;265.0;0.026;0.026
gdp_growth;2019-03-31;92.0;0.018;0.018
hicp;2019-03-31;;104.98;0.005170432784373863
hpi;2019-03-31;96.0;1.289;0.01736385161799528
inflation;2019-03-31;266.0;0.029;0.029
hicp;2019-04-30;;106.11;0.010763955039055015
inflation;2019-04-30;267.0;0.03;0.03
hicp;2019-05-31;;105.82;-0.0027330129111300186
inflation;2019-05-31;268.0;0.023;0.023
gdp_growth;2019-06-30;93.0;0.019;0.019
hicp;2019-06-30;;105.67;-0.001417501417501337
hpi;2019-06-30;97.0;1.304;0.01163692785104742
inflation;2019-06-30;269.0;0.027;0.027
hicp;2019-07-31;;106.67;0.009463423866754991
inflation;2019-07-31;270.0;0.026;0.026
hicp;2019-08-31;;107.32;0.0060935595762631614
inflation;2019-08-31;271.0;0.031;0.031
gdp_growth;2019-09-30;94.0;0.021;0.021
hicp;2019-09-30;;106.16;-0.010808796123742049
hpi;2019-09-30;98.0;1.327;0.01763803680981588
inflation;2019-09-30;272.0;0.027;0.027
hicp;2019-10-31;;106.82;0.0062170308967595764
inflation;2019-10-31;273.0;0.028;0.028
hicp;2019-11-30;;106.01;-0.007582849653622806
inflation;2019-11-30;274.0;0.026;0.026
gdp_growth;2019-12-31;95.0;0.02;0.02
hicp;2019-12-31;;106.24;0.002169606640882839
hpi;2019-12-31;99.0;1.346;0.014318010550113133
inflation;2019-12-31;275.0;0.028;0.028
unemployment_rate;2019-12-31;49.0;0.034;0.034
hicp;2020-01-31;;104.85;-0.013083584337349404
inflation;2020-01-31;276.0;0.017;0.017
hicp;2020-02-29;;105.77;0.008774439675727247
inflation;2020-02-29;277.0;0.013;0.013
gdp_growth;2020-03-31;96.0;-0.003;-0.003
hicp;2020-03-31;;106.09;0.003025432542308853
hpi;2020-03-31;100.0;1.375;0.021545319465081657
inflation;2020-03-31;278.0;0.011;0.011
hicp;2020-04-30;;107.14;0.009897257045904394
inflation;2020-04-30;279.0;0.01;0.01
hicp;2020-05-31;;106.94;-0.0018667164457719138
inflation;2020-05-31;280.0;0.011;0.011
gdp_growth;2020-06-30;97.0;-0.088;-0.088
hicp;2020-06-30;;107.45;0.004769029362259258
hpi;2020-06-30;101.0;1.402;0.019636363636363573
inflation;2020-06-30;281.0;0.017;0.017
hicp;2020-07-31;;108.42;0.009027454630060482
inflation;2020-07-31;282.0;0.016;0.016
hicp;2020-08-31;;107.65;-0.007102010699132965
inflation;2020-08-31;283.0;0.003;0.003
gdp_growth;2020-09-30;98.0;-0.033;-0.033
hicp;2020-09-30;;107.19;-0.0042731072921505615
hpi;2020-09-30;102.0;1.435;0.023537803138373854
inflation;2020-09-30;284.0;0.01;0.01
hicp;2020-10-31;;108.05;0.008023136486612552
inflation;2020-10-31;285.0;0.012;0.012
hicp;2020-11-30;;106.72;-0.012309116149930572
inflation;2020-11-30;286.0;0.007;0.007
gdp_growth;2020-12-31;99.0;-0.029;-0.029
hicp;2020-12-31;;107.22;0.0046851574212893555
hpi;2020-12-31;103.0;1.464;0.020209059233449417
inflation;2020-12-31;287.0;0.009;0.009
unemployment_rate;2020-12-31;50.0;0.038;0.038
hicp;2021-01-31;;106.51;-0.006621898899458998
inflation;2021-01-31;288.0;0.016;0.016
hicp;2021-02-28;;107.76;0.011735987231245892
inflation;2021-02-28;289.0;0.019;0.019
gdp_growth;2021-03-31;100.0;-0.011;-0.011
hicp;2021-03-31;;108.09;0.0030623608017817214
hpi;2021-03-31;104.0;1.517;0.036202185792349684
inflation;2021-03-31;290.0;0.019;0.019
hicp;2021-04-30;;108.95;0.007956332685724854
inflation;2021-04-30;291.0;0.017;0.017
hicp;2021-05-31;;109.11;0.0014685635612666048
inflation;2021-05-31;292.0;0.02;0.02
gdp_growth;2021-06-30;101.0;0.118;0.118
hicp;2021-06-30;;109.27;0.0014664100449087764
hpi;2021-06-30;105.0;1.584;0.04416611733684916
inflation;2021-06-30;293.0;0.017;0.017
hicp;2021-07-31;;109.96;0.006314633476709049
inflation;2021-07-31;294.0;0.014;0.014
hicp;2021-08-31;;110.54;0.00527464532557305
inflation;2021-08-31;295.0;0.027;0.027
gdp_growth;2021-09-30;102.0;0.069;0.069
hicp;2021-09-30;;110.37;-0.001537904830830484
hpi;2021-09-30;106.0;1.686;0.06439393939393931
inflation;2021-09-30;296.0;0.03;0.03
hicp;2021-10-31;;112.1;0.015674549243453743
inflation;2021-10-31;297.0;0.037;0.037
hicp;2021-11-30;;113.02;0.008206958073148989
inflation;2021-11-30;298.0;0.059;0.059
gdp_growth;2021-12-31;103.0;0.074;0.074
hicp;2021-12-31;;114.09;0.009467350911343191
hpi;2021-12-31;107.0;1.751;0.03855278766310792
inflation;2021-12-31;299.0;0.064;0.064
unemployment_rate;2021-12-31;51.0;0.042;0.042
hicp;2022-01-31;;114.61;0.004557805241475993
inflation;2022-01-31;300.0;0.076;0.076
hicp;2022-02-28;;115.58;0.008463484861704902
inflation;2022-02-28;301.0;0.073;0.073
gdp_growth;2022-03-31;104.0;0.064;0.064
hicp;2022-03-31;;120.7;0.044298321508911616
hpi;2022-03-31;108.0;1.824;0.04169046259280421
inflation;2022-03-31;302.0;0.117;0.117
hicp;2022-04-30;;121.16;0.003811101905550901
inflation;2022-04-30;303.0;0.112;0.112
hicp;2022-05-31;;120.21;-0.007840871574777178
inflation;2022-05-31;304.0;0.102;0.102
gdp_growth;2022-06-30;105.0;0.052;0.052
hicp;2022-06-30;;120.13;-0.0006655020380999775
hpi;2022-06-30;109.0;1.875;0.027960526315789436
inflation;2022-06-30;305.0;0.099;0.099
hicp;2022-07-31;;122.74;0.021726462998418378
inflation;2022-07-31;306.0;0.116;0.116
hicp;2022-08-31;;125.63;0.02354570637119114
inflation;2022-08-31;307.0;0.137;0.137
gdp_growth;2022-09-30;106.0;0.03;0.03
hicp;2022-09-30;;129.2;0.028416779431664357
hpi;2022-09-30;110.0;1.886;0.005866666666666613
inflation;2022-09-30;308.0;0.171;0.171
hicp;2022-10-31;;130.92;0.013312693498452004
inflation;2022-10-31;309.0;0.168;0.168
hicp;2022-11-30;;125.81;-0.03903146959975547
inflation;2022-11-30;310.0;0.113;0.113
gdp_growth;2022-12-31;107.0;0.029;0.029
hicp;2022-12-31;;126.64;0.0065972498211588765
hpi;2022-12-31;111.0;1.841;-0.023860021208907706
inflation;2022-12-31;311.0;0.11;0.11
unemployment_rate;2022-12-31;52.0;0.035;0.035
hicp;2023-01-31;;124.23;-0.019030322173089045
inflation;2023-01-31;312.0;0.084;0.084
hicp;2023-02-28;;125.9;0.0134428076954037
inflation;2023-02-28;313.0;0.089;0.089
gdp_growth;2023-03-31;108.0;0.019;0.019
hicp;2023-03-31;;126.16;0.0020651310563938913
hpi;2023-03-31;112.0;1.812;-0.01575230852797388
inflation;2023-03-31;314.0;0.045;0.045
hicp;2023-04-30;;128.17;0.015932149651236453
inflation;2023-04-30;315.0;0.058;0.058
hicp;2023-05-31;;128.41;0.0018725130685808623
inflation;2023-05-31;316.0;0.068;0.068
gdp_growth;2023-06-30;109.0;-0.003;-0.003
hicp;2023-06-30;;127.78;-0.004906159956389654
hpi;2023-06-30;113.0;1.778;-0.01876379690949229
inflation;2023-06-30;317.0;0.064;0.064
hicp;2023-07-31;;129.25;0.011504147753952096
inflation;2023-07-31;318.0;0.053;0.053
hicp;2023-08-31;;129.9;0.005029013539651882
inflation;2023-08-31;319.0;0.034;0.034
gdp_growth;2023-09-30;110.0;-0.007;-0.007
hicp;2023-09-30;;128.81;-0.008391070053887631
hpi;2023-09-30;114.0;1.8;0.012373453318335219
inflation;2023-09-30;320.0;-0.003;-0.003
hicp;2023-10-31;;129.56;0.005822529306730844
inflation;2023-10-31;321.0;-0.01;-0.01
hicp;2023-11-30;;127.63;-0.014896573016363128
hicp;2023-12-31;;127.88;0.0019587871190159052
unemployment_rate;2023-12-31;51.0;0.042;0.042
hicp;2024-01-31;;128.08;0.0015639662183298175
hicp;2024-02-29;;129.29;0.009447220487195342
hicp;2024-03-31;;130.09;0.006187640188723114
hicp;2024-04-30;;131.47;0.01060804058728569
hicp;2024-05-31;;131.85;0.0028903932456073285
hicp;2024-06-30;;132.07;0.0016685627607129227
hicp;2024-07-31;;133.73;0.012569092148103254
hicp;2024-08-31;;134.22;0.0036640993045689756
hicp;2024-09-30;;133.01;-0.00901504991804506
hicp;2024-10-31;;133.85;0.006315314637997169
hicp;2024-11-30;;132.47;-0.010310048561822903
hicp;2024-12-31;;132.92;0.003396995546161309
